id,created_at,in_reply_to_id,quote_id,url,content,media_attachments,replies_count,reblogs_count,favourites_count,text_content
113014990940402800,2024-08-24T03:58:27.659Z,,,https://truthsocial.com/@realDonaldTrump/113014990940402800,"<p><a href=""https://links.truthsocial.com/link/112570863931052437"" rel=""nofollow noopener noreferrer"" target=""_blank""><span class=""invisible"">https://</span><span class=""ellipsis"">messengerpapers.com/2024/06/as</span><span class=""invisible"">-a-judge-i-have-never-witnessed-such-an-abuse-of-judicial-authority/</span></a></p>",[],269,2852,8937,https://messengerpapers.com/2024/06/as-a-judge-i-have-never-witnessed-such-an-abuse-of-judicial-authority/
113014964815949736,2024-08-24T03:51:49.034Z,,,https://truthsocial.com/@realDonaldTrump/113014964815949736,<p></p>,"[{'id': '113014964721565637', 'type': 'image', 'url': 'https://static-assets-1.truthsocial.com/tmtg:prime-ts-assets/media_attachments/files/113/014/964/721/565/637/original/22a9520fc73258d0.jpg', 'preview_url': 'https://static-assets-1.truthsocial.com/tmtg:prime-ts-assets/media_attachments/files/113/014/964/721/565/637/small/22a9520fc73258d0.jpg', 'external_video_id': None, 'remote_url': None, 'preview_remote_url': None, 'text_url': None, 'meta': {'original': {'width': 898, 'height': 310, 'size': '898x310', 'aspect': 2.8967741935483873}, 'small': {'width': 898, 'height': 310, 'size': '898x310', 'aspect': 2.8967741935483873}}, 'description': None, 'blurhash': 'UBR:KO4nRkM{xuM{IUM{~qM{E1ofIUofRjWB'}]",539,3805,14453,
113014963913626047,2024-08-24T03:51:35.265Z,,,https://truthsocial.com/@realDonaldTrump/113014963913626047,<p></p>,"[{'id': '113014963690206842', 'type': 'image', 'url': 'https://static-assets-1.truthsocial.com/tmtg:prime-ts-assets/media_attachments/files/113/014/963/690/206/842/original/59c46bd1ddcf984d.jpg', 'preview_url': 'https://static-assets-1.truthsocial.com/tmtg:prime-ts-assets/media_attachments/files/113/014/963/690/206/842/small/59c46bd1ddcf984d.jpg', 'external_video_id': None, 'remote_url': None, 'preview_remote_url': None, 'text_url': None, 'meta': {'original': {'width': 898, 'height': 820, 'size': '898x820', 'aspect': 1.0951219512195123}, 'small': {'width': 837, 'height': 764, 'size': '837x764', 'aspect': 1.0955497382198953}}, 'description': None, 'blurhash': 'U7R:NV0Kt7e.xuM{RjbH%MM{MxV@9Fs;a}M{'}]",386,3530,12937,
113014962934857111,2024-08-24T03:51:20.330Z,,,https://truthsocial.com/@realDonaldTrump/113014962934857111,<p></p>,"[{'id': '113014962838274520', 'type': 'image', 'url': 'https://static-assets-1.truthsocial.com/tmtg:prime-ts-assets/media_attachments/files/113/014/962/838/274/520/original/15b5422e8c75eef0.jpg', 'preview_url': 'https://static-assets-1.truthsocial.com/tmtg:prime-ts-assets/media_attachments/files/113/014/962/838/274/520/small/15b5422e8c75eef0.jpg', 'external_video_id': None, 'remote_url': None, 'preview_remote_url': None, 'text_url': None, 'meta': {'original': {'width': 898, 'height': 742, 'size': '898x742', 'aspect': 1.210242587601078}, 'small': {'width': 880, 'height': 727, 'size': '880x727', 'aspect': 1.2104539202200826}}, 'description': None, 'blurhash': 'UyMjXPs9ozSg.8R*WBo0_NWWWBafV?n+bHR*'}]",1151,5312,17002,
113014961830359557,2024-08-24T03:51:03.473Z,,,https://truthsocial.com/@realDonaldTrump/113014961830359557,<p></p>,"[{'id': '113014961724368449', 'type': 'image', 'url': 'https://static-assets-1.truthsocial.com/tmtg:prime-ts-assets/media_attachments/files/113/014/961/724/368/449/original/a8ed39b856e18c12.jpg', 'preview_url': 'https://static-assets-1.truthsocial.com/tmtg:prime-ts-assets/media_attachments/files/113/014/961/724/368/449/small/a8ed39b856e18c12.jpg', 'external_video_id': None, 'remote_url': None, 'preview_remote_url': None, 'text_url': None, 'meta': {'original': {'width': 898, 'height': 714, 'size': '898x714', 'aspect': 1.257703081232493}, 'small': {'width': 897, 'height': 713, 'size': '897x713', 'aspect': 1.2580645161290323}}, 'description': None, 'blurhash': 'U9SY~y0JaxaxWBRjRjM{NGWBWAWBRjM{M{f5'}]",400,4303,16046,
113014959551508534,2024-08-24T03:50:28.702Z,,,https://truthsocial.com/@realDonaldTrump/113014959551508534,<p></p>,"[{'id': '113014959442907861', 'type': 'image', 'url': 'https://static-assets-1.truthsocial.com/tmtg:prime-ts-assets/media_attachments/files/113/014/959/442/907/861/original/e2ae80539f30b383.jpg', 'preview_url': 'https://static-assets-1.truthsocial.com/tmtg:prime-ts-assets/media_attachments/files/113/014/959/442/907/861/small/e2ae80539f30b383.jpg', 'external_video_id': None, 'remote_url': None, 'preview_remote_url': None, 'text_url': None, 'meta': {'original': {'width': 850, 'height': 1209, 'size': '850x1209', 'aspect': 0.7030603804797353}, 'small': {'width': 671, 'height': 954, 'size': '671x954', 'aspect': 0.7033542976939203}}, 'description': None, 'blurhash': 'UfHB.0kCxtof-kaya$j?_NazaebH%NofNFWC'}]",566,3736,14020,
113014955955351539,2024-08-24T03:49:33.831Z,,,https://truthsocial.com/@realDonaldTrump/113014955955351539,<p></p>,"[{'id': '113014955859260007', 'type': 'image', 'url': 'https://static-assets-1.truthsocial.com/tmtg:prime-ts-assets/media_attachments/files/113/014/955/859/260/007/original/61ce31746f241e2b.jpg', 'preview_url': 'https://static-assets-1.truthsocial.com/tmtg:prime-ts-assets/media_attachments/files/113/014/955/859/260/007/small/61ce31746f241e2b.jpg', 'external_video_id': None, 'remote_url': None, 'preview_remote_url': None, 'text_url': None, 'meta': {'original': {'width': 898, 'height': 684, 'size': '898x684', 'aspect': 1.3128654970760234}, 'small': {'width': 898, 'height': 684, 'size': '898x684', 'aspect': 1.3128654970760234}}, 'description': None, 'blurhash': 'U7SigQ004nax9F%MM{V@4nt7Rj%2IUt7D%V@'}]",530,3854,13602,
113014542002462717,2024-08-24T02:04:17.412Z,,,https://truthsocial.com/@realDonaldTrump/113014542002462717,"<p>If you love our former First Lady as much as me, and are ready for the Truth, buy her new book now!</p><p>MELANIA provides an insightful perspective of her tenure as First Lady of the United States, highlighting our shared experiences, her entrepreneurial achievements, plus the challenges and triumphs she experienced since her childhood in Europe.<br/>¬†<br/>Pre-Order Now:¬†<a href=""https://links.truthsocial.com/link/113014542003313209"" rel=""nofollow noopener noreferrer"" target=""_blank""><span class=""invisible"">https://www.</span><span class=""ellipsis"">amazon.com/dp/1510782699?ref=c</span><span class=""invisible"">m_sw_r_cp_ud_dp_RQ9BXVVYWCBYFADC3N0H&amp;ref_=cm_sw_r_cp_ud_dp_RQ9BXVVYWCBYFADC3N0H&amp;social_share=cm_sw_r_cp_ud_dp_RQ9BXVVYWCBYFADC3N0H&amp;skipTwisterOG=1&amp;dplnkId=70f87fab-ca93-416a-b42d-b386dd7ff4f2&amp;nodl=1</span></a></p>","[{'id': '113014541881946711', 'type': 'image', 'url': 'https://static-assets-1.truthsocial.com/tmtg:prime-ts-assets/media_attachments/files/113/014/541/881/946/711/original/eee0edb413965f3c.jpg', 'preview_url': 'https://static-assets-1.truthsocial.com/tmtg:prime-ts-assets/media_attachments/files/113/014/541/881/946/711/small/eee0edb413965f3c.jpg', 'external_video_id': None, 'remote_url': None, 'preview_remote_url': None, 'text_url': None, 'meta': {'original': {'width': 1351, 'height': 760, 'size': '1351x760', 'aspect': 1.7776315789473685}, 'small': {'width': 1067, 'height': 600, 'size': '1067x600', 'aspect': 1.7783333333333333}}, 'description': None, 'blurhash': 'UjQ9_@WB~qt7ofWBWBt7_3ofD%WBayt7ofM{'}]",3449,7226,30171,"If you love our former First Lady as much as me, and are ready for the Truth, buy her new book now!MELANIA provides an insightful perspective of her tenure as First Lady of the United States, highlighting our shared experiences, her entrepreneurial achievements, plus the challenges and triumphs she experienced since her childhood in Europe.¬†Pre-Order Now:¬†https://www.amazon.com/dp/1510782699?ref=cm_sw_r_cp_ud_dp_RQ9BXVVYWCBYFADC3N0H&ref_=cm_sw_r_cp_ud_dp_RQ9BXVVYWCBYFADC3N0H&social_share=cm_sw_r_cp_ud_dp_RQ9BXVVYWCBYFADC3N0H&skipTwisterOG=1&dplnkId=70f87fab-ca93-416a-b42d-b386dd7ff4f2&nodl=1"
113014451345592293,2024-08-24T01:41:14.094Z,,,https://truthsocial.com/@realDonaldTrump/113014451345592293,<p>TOO BIG TO RIG!</p>,"[{'id': '113014451215995399', 'type': 'image', 'url': 'https://static-assets-1.truthsocial.com/tmtg:prime-ts-assets/media_attachments/files/113/014/451/215/995/399/original/1142d1e71ba59664.jpg', 'preview_url': 'https://static-assets-1.truthsocial.com/tmtg:prime-ts-assets/media_attachments/files/113/014/451/215/995/399/small/1142d1e71ba59664.jpg', 'external_video_id': None, 'remote_url': None, 'preview_remote_url': None, 'text_url': None, 'meta': {'original': {'width': 1409, 'height': 729, 'size': '1409x729', 'aspect': 1.93278463648834}, 'small': {'width': 1111, 'height': 575, 'size': '1111x575', 'aspect': 1.9321739130434783}}, 'description': None, 'blurhash': 'UAA]?Lt60Je:?ct5M_Rl5PocV[NKE0ayxGs:'}]",1979,7310,25658,TOO BIG TO RIG!
113014449926600517,2024-08-24T01:40:52.449Z,,,https://truthsocial.com/@realDonaldTrump/113014449926600517,<p></p>,"[{'id': '113014449801570002', 'type': 'video', 'url': 'https://static-assets-1.truthsocial.com/tmtg:prime-ts-assets/media_attachments/files/113/014/449/801/570/002/original/ae35ca00b1054d71.mp4', 'preview_url': 'https://static-assets-1.truthsocial.com/tmtg:prime-ts-assets/media_attachments/thumbnails/113/014/449/801/570/002/original/f6815e0a777ee591.jpg', 'external_video_id': 'v59t90d', 'remote_url': None, 'preview_remote_url': None, 'text_url': None, 'meta': {'colors': {'background': '#efeef1', 'foreground': '#100916', 'accent': '#1d2156'}, 'original': {'width': 720, 'height': 406, 'frame_rate': '22470000/750739', 'duration': 24.94, 'bitrate': 1239682}, 'small': {'width': 480, 'height': 271, 'size': '480x271', 'aspect': 1.7712177121771218}}, 'description': None, 'blurhash': 'UTF~8m=|a5%NE0ovX9xa?wR%M|R+-rxFRnb0'}]",505,3458,13417,
113014397634070132,2024-08-24T01:27:34.523Z,,,https://truthsocial.com/@realDonaldTrump/113014397634070132,"<p>RT <span class=""h-card""><a href=""https://truthsocial.com/@TeamTrump"" class=""u-url mention"">@<span>TeamTrump</span></a></span>Robert F. Kennedy Jr takes the stage in Arizona! üî•</p>",[],0,0,0,RT @TeamTrumpRobert F. Kennedy Jr takes the stage in Arizona! üî•
113014397257307478,2024-08-24T01:27:28.775Z,,,https://truthsocial.com/@realDonaldTrump/113014397257307478,"<p>RT <span class=""h-card""><a href=""https://truthsocial.com/@TeamTrump"" class=""u-url mention"">@<span>TeamTrump</span></a></span>PRESIDENT TRUMP: ""I also want to salute Bobby‚Äôs decades of work as an advocate for the health of our families and children. Millions of Americans who want clean air, clean water, and a healthy nation have concerns about toxins in our environment and pesticides in our food. </p><p>""That is why today I am repeating my pledge to establish a panel of top experts, working with Bobby, to investigate what is causing the decades-long increase in chronic health problems and childhood diseases, including auto-immune disorders, autism, obesity, infertility, and more.""</p><p>""We want every child in America to grow up to live long and healthy lives.""</p>",[],0,0,0,"RT @TeamTrumpPRESIDENT TRUMP: ""I also want to salute Bobby‚Äôs decades of work as an advocate for the health of our families and children. Millions of Americans who want clean air, clean water, and a healthy nation have concerns about toxins in our environment and pesticides in our food. ""That is why today I am repeating my pledge to establish a panel of top experts, working with Bobby, to investigate what is causing the decades-long increase in chronic health problems and childhood diseases, including auto-immune disorders, autism, obesity, infertility, and more.""""We want every child in America to grow up to live long and healthy lives."""
113014397050712792,2024-08-24T01:27:25.619Z,,,https://truthsocial.com/@realDonaldTrump/113014397050712792,"<p>RT <span class=""h-card""><a href=""https://truthsocial.com/@TeamTrump"" class=""u-url mention"">@<span>TeamTrump</span></a></span>PRESIDENT TRUMP: ""Our opponents worship the Deep State‚Äîwe want to obliterate the Deep State.""</p><p>""Our opponents join with warmongers and neo-cons to wage endless wars overseas‚Äîwe believe that America is STRONGEST when America is at PEACE.""</p><p>""Our opponents slander us as a threat to Democracy‚Äîmeanwhile, they rig their primaries, force out Joe Biden, who got 14 million votes, in an unconstitutional coup, and appoint a nominee who never got a single vote.""</p>",[],0,0,0,"RT @TeamTrumpPRESIDENT TRUMP: ""Our opponents worship the Deep State‚Äîwe want to obliterate the Deep State.""""Our opponents join with warmongers and neo-cons to wage endless wars overseas‚Äîwe believe that America is STRONGEST when America is at PEACE.""""Our opponents slander us as a threat to Democracy‚Äîmeanwhile, they rig their primaries, force out Joe Biden, who got 14 million votes, in an unconstitutional coup, and appoint a nominee who never got a single vote."""
113014396744426068,2024-08-24T01:27:20.949Z,,,https://truthsocial.com/@realDonaldTrump/113014396744426068,"<p>RT <span class=""h-card""><a href=""https://truthsocial.com/@TeamTrump"" class=""u-url mention"">@<span>TeamTrump</span></a></span>PRESIDENT TRUMP: Soon after I was nearly assassinated in Pennsylvania last month, Bobby called me to express his best wishes. He knows firsthand the risks incurred by leaders who stand up to the corrupt political establishment‚Äîhe lost his father and uncle in service to our country, and Bobby himself was subject to repeated threats to his safety during the course of his campaign, while being denied protection by the Harris-Biden administration. </p><p>In honor of Bobby, I am announcing tonight that upon my election, I will establish a new independent presidential commission on Assassination Attempts. They will be tasked with releasing all remaining documents pertaining to President John F. Kennedy‚Äôs assassination and other events in question, and they also will conduct a rigorous review of the attack last month in Butler.</p>",[],0,0,0,"RT @TeamTrumpPRESIDENT TRUMP: Soon after I was nearly assassinated in Pennsylvania last month, Bobby called me to express his best wishes. He knows firsthand the risks incurred by leaders who stand up to the corrupt political establishment‚Äîhe lost his father and uncle in service to our country, and Bobby himself was subject to repeated threats to his safety during the course of his campaign, while being denied protection by the Harris-Biden administration. In honor of Bobby, I am announcing tonight that upon my election, I will establish a new independent presidential commission on Assassination Attempts. They will be tasked with releasing all remaining documents pertaining to President John F. Kennedy‚Äôs assassination and other events in question, and they also will conduct a rigorous review of the attack last month in Butler."
113014396427223339,2024-08-24T01:27:16.110Z,,,https://truthsocial.com/@realDonaldTrump/113014396427223339,"<p>RT <span class=""h-card""><a href=""https://truthsocial.com/@TeamTrump"" class=""u-url mention"">@<span>TeamTrump</span></a></span>PRESIDENT TRUMP: Tonight, I am very pleased to welcome a man who has been an incredible champion for so many of these values we all share. For the past 16 months, Robert F. Kennedy Junior has run an extraordinary campaign for president of the United States. Had he been allowed to enter the Democrat primary, he would have beaten Joe Biden. His candidacy has inspired millions of Americans, raised critical issues that have been too-long ignored, and brought together people from across the political spectrum in a positive campaign grounded in the American values of his father, Robert Kennedy, and his uncle, President Kennedy. I believe they would both be very proud.</p>",[],0,0,0,"RT @TeamTrumpPRESIDENT TRUMP: Tonight, I am very pleased to welcome a man who has been an incredible champion for so many of these values we all share. For the past 16 months, Robert F. Kennedy Junior has run an extraordinary campaign for president of the United States. Had he been allowed to enter the Democrat primary, he would have beaten Joe Biden. His candidacy has inspired millions of Americans, raised critical issues that have been too-long ignored, and brought together people from across the political spectrum in a positive campaign grounded in the American values of his father, Robert Kennedy, and his uncle, President Kennedy. I believe they would both be very proud."
113013525249284616,2024-08-23T21:45:42.986Z,,,https://truthsocial.com/@realDonaldTrump/113013525249284616,"<p>JOIN ME LIVE IN PHOENIX, ARIZONA AT 7:00PM EASTERN‚ÄîMAGA2024!!! <a href=""https://links.truthsocial.com/link/113013503614376825"" rel=""nofollow noopener noreferrer"" target=""_blank""><span class=""invisible"">https://</span><span class=""ellipsis"">rumble.com/v5c4dgt-live-presid</span><span class=""invisible"">ent-trump-in-glendale-az.html</span></a></p>",[],1495,3041,12975,"JOIN ME LIVE IN PHOENIX, ARIZONA AT 7:00PM EASTERN‚ÄîMAGA2024!!! https://rumble.com/v5c4dgt-live-president-trump-in-glendale-az.html"
113013511793569107,2024-08-23T21:42:17.674Z,,,https://truthsocial.com/@realDonaldTrump/113013511793569107,<p>FIVE POINTS UP OVER KAMALA IN THE JUST RELEASED RASMUSSEN POLL. MAKE AMERICA GREAT AGAIN!</p>,[],2120,4679,21210,FIVE POINTS UP OVER KAMALA IN THE JUST RELEASED RASMUSSEN POLL. MAKE AMERICA GREAT AGAIN!
113013406773778710,2024-08-23T21:15:35.196Z,,,https://truthsocial.com/@realDonaldTrump/113013406773778710,"<p>The Republican Party is charging forward on many fronts, and I am very proud that we are a LEADER on I.V.F.</p>",[],1134,3610,17358,"The Republican Party is charging forward on many fronts, and I am very proud that we are a LEADER on I.V.F."
113013360817425821,2024-08-23T21:03:53.955Z,,,https://truthsocial.com/@realDonaldTrump/113013360817425821,"<p>Heading to Arizona where I will soon be speaking at Turning Point ‚Äî BIG CROWD, AND EVEN BIGGER SURPRISE!</p>",[],1385,5580,27684,"Heading to Arizona where I will soon be speaking at Turning Point ‚Äî BIG CROWD, AND EVEN BIGGER SURPRISE!"
113013201864537613,2024-08-23T20:23:28.527Z,,,https://truthsocial.com/@realDonaldTrump/113013201864537613,"<p>RT <span class=""h-card""><a href=""https://truthsocial.com/@realDonaldTrump"" class=""u-url mention"">@<span>realDonaldTrump</span></a></span></p>",[],0,0,0,RT @realDonaldTrump
113009061061902613,2024-08-23T02:50:24.889Z,,,https://truthsocial.com/@realDonaldTrump/113009061061902613,<p>PEACEFULLY AND PATRIOTICALLY!</p>,[],746,3580,18619,PEACEFULLY AND PATRIOTICALLY!
113009058958667010,2024-08-23T02:49:52.798Z,,,https://truthsocial.com/@realDonaldTrump/113009058958667010,<p>The Chaos and Calamity is allowing our Country to be infiltrated by Millions of Criminals!</p>,[],568,3373,17529,The Chaos and Calamity is allowing our Country to be infiltrated by Millions of Criminals!
113009058173890482,2024-08-23T02:49:40.825Z,,,https://truthsocial.com/@realDonaldTrump/113009058173890482,<p>Why didn‚Äôt she do something about the things of which she complains?</p>,[],615,3169,17164,Why didn‚Äôt she do something about the things of which she complains?
113009055608083509,2024-08-23T02:49:01.673Z,,,https://truthsocial.com/@realDonaldTrump/113009055608083509,"<p>She talked about the Rule of Law but, as Border Czar, she allowed 20 Million people into our Country, many of them Criminals, who are MAIMING and KILLING our people!</p>",[],1130,4557,20599,"She talked about the Rule of Law but, as Border Czar, she allowed 20 Million people into our Country, many of them Criminals, who are MAIMING and KILLING our people!"
113009050896044521,2024-08-23T02:47:49.775Z,,,https://truthsocial.com/@realDonaldTrump/113009050896044521,"<p>Kamala‚Äôs biography won‚Äôt lower prices at the Grocery Store, or at the Pump!</p>","[{'id': '113009050841095332', 'type': 'image', 'url': 'https://static-assets-1.truthsocial.com/tmtg:prime-ts-assets/media_attachments/files/113/009/050/841/095/332/original/a0d98ad8620c8cfb.jpg', 'preview_url': 'https://static-assets-1.truthsocial.com/tmtg:prime-ts-assets/media_attachments/files/113/009/050/841/095/332/small/a0d98ad8620c8cfb.jpg', 'external_video_id': None, 'remote_url': None, 'preview_remote_url': None, 'text_url': None, 'meta': {'original': {'width': 318, 'height': 654, 'size': '318x654', 'aspect': 0.48623853211009177}, 'small': {'width': 318, 'height': 654, 'size': '318x654', 'aspect': 0.48623853211009177}}, 'description': None, 'blurhash': 'UNFF8Gxa9ZS5%NR+n$oMxYoeR+WV~WR*Rkt6'}]",837,4145,16558,"Kamala‚Äôs biography won‚Äôt lower prices at the Grocery Store, or at the Pump!"
113009027507848186,2024-08-23T02:41:52.905Z,,,https://truthsocial.com/@realDonaldTrump/113009027507848186,"<p>A lot of talk about childhood, we‚Äôve got to get to the Border, Inflation, and Crime!</p>",[],2865,3927,21776,"A lot of talk about childhood, we‚Äôve got to get to the Border, Inflation, and Crime!"
113009018980816016,2024-08-23T02:39:42.789Z,,113008797496379775,https://truthsocial.com/@realDonaldTrump/113009018980816016,"<p><span class=""quote-inline""><br/>RT: https://truthsocial.com/users/realDonaldTrump/statuses/113008797496379775</span>She‚Äôs talking about how great San Francisco was before she destroyed it, probably not a good idea!</p>",[],918,3723,16692,"RT: https://truthsocial.com/users/realDonaldTrump/statuses/113008797496379775She‚Äôs talking about how great San Francisco was before she destroyed it, probably not a good idea!"
113009006610100722,2024-08-23T02:36:34.026Z,,,https://truthsocial.com/@realDonaldTrump/113009006610100722,"<p>Walz was an ASSISTANT Coach, not a COACH.</p>",[],1731,3547,19304,"Walz was an ASSISTANT Coach, not a COACH."
113009002721693232,2024-08-23T02:35:34.690Z,,,https://truthsocial.com/@realDonaldTrump/113009002721693232,<p>WHERE‚ÄôS HUNTER?</p>,[],1472,3302,17932,WHERE‚ÄôS HUNTER?
113008999688987506,2024-08-23T02:34:48.416Z,,,https://truthsocial.com/@realDonaldTrump/113008999688987506,"<p>Too many ‚ÄúThank yous,‚Äù too rapidly said, what‚Äôs going on with her?</p>",[],1572,2710,16503,"Too many ‚ÄúThank yous,‚Äù too rapidly said, what‚Äôs going on with her?"
113008995261680908,2024-08-23T02:33:40.860Z,,,https://truthsocial.com/@realDonaldTrump/113008995261680908,<p>I‚Äôll be doing a call in to Bret Baier and group after her Speech. They‚Äôd like to know what I thought of it ‚Äî I will be very honest in my assessment!</p>,[],831,3062,17723,I‚Äôll be doing a call in to Bret Baier and group after her Speech. They‚Äôd like to know what I thought of it ‚Äî I will be very honest in my assessment!
113008988875276168,2024-08-23T02:32:03.410Z,,,https://truthsocial.com/@realDonaldTrump/113008988875276168,<p>Here she comes into the Arena!</p>,[],1118,1922,11711,Here she comes into the Arena!
113008987025577876,2024-08-23T02:31:35.187Z,,,https://truthsocial.com/@realDonaldTrump/113008987025577876,"<p>We‚Äôve assembled a small group of people, GREAT PATRIOTS ALL, and we‚Äôre currently watching her ‚Äúpuff piece.‚Äù</p>",[],438,2335,13270,"We‚Äôve assembled a small group of people, GREAT PATRIOTS ALL, and we‚Äôre currently watching her ‚Äúpuff piece.‚Äù"
113008939969032081,2024-08-23T02:19:37.163Z,,,https://truthsocial.com/@realDonaldTrump/113008939969032081,"<p>I‚Äôm getting ready to be fair but critical of Comrade Kamala Harris. My Play by Play will be on TRUTH Social, starting SOON!</p>",[],1435,3477,17849,"I‚Äôm getting ready to be fair but critical of Comrade Kamala Harris. My Play by Play will be on TRUTH Social, starting SOON!"
113008797496379775,2024-08-23T01:43:23.207Z,,,https://truthsocial.com/@realDonaldTrump/113008797496379775,<p></p>,"[{'id': '113008797385016441', 'type': 'video', 'url': 'https://static-assets-1.truthsocial.com/tmtg:prime-ts-assets/media_attachments/files/113/008/797/385/016/441/original/f59edd5bf259893b.mp4', 'preview_url': 'https://static-assets-1.truthsocial.com/tmtg:prime-ts-assets/media_attachments/thumbnails/113/008/797/385/016/441/original/fe6e54b811379411.jpg', 'external_video_id': 'v59op3v', 'remote_url': None, 'preview_remote_url': None, 'text_url': None, 'meta': {'colors': {'background': '#040404', 'foreground': '#f8ed62', 'accent': '#faea8c'}, 'original': {'width': 1280, 'height': 720, 'frame_rate': '948250800/39583333', 'duration': 99.057387, 'bitrate': 612424}, 'small': {'width': 480, 'height': 270, 'size': '480x270', 'aspect': 1.7777777777777777}}, 'description': None, 'blurhash': 'UB6R6[oK9cazs.fQazjt0PWV?Dj@M~azoeaz'}]",857,3870,11488,
113008796172112928,2024-08-23T01:43:02.996Z,,,https://truthsocial.com/@realDonaldTrump/113008796172112928,"<p>Thank you to <a href=""https://truthsocial.com/tags/BrianKempGA"" class=""mention hashtag"" rel=""tag"">#<span>BrianKempGA</span></a> for all of your help and support in Georgia, where a win is so important to the success of our Party and, most importantly, our Country.¬†</p><p>I look forward to working with you, your team, and all of my friends in Georgia to help MAKE AMERICA GREAT AGAIN!</p>",[],2162,5142,26531,"Thank you to #BrianKempGA for all of your help and support in Georgia, where a win is so important to the success of our Party and, most importantly, our Country.¬†I look forward to working with you, your team, and all of my friends in Georgia to help MAKE AMERICA GREAT AGAIN!"
113008512171507864,2024-08-23T00:30:49.492Z,,,https://truthsocial.com/@realDonaldTrump/113008512171507864,<p></p>,"[{'id': '113008511667403777', 'type': 'video', 'url': 'https://static-assets-1.truthsocial.com/tmtg:prime-ts-assets/media_attachments/files/113/008/511/667/403/777/original/f5e5531e2ae4226e.mp4', 'preview_url': 'https://static-assets-1.truthsocial.com/tmtg:prime-ts-assets/media_attachments/thumbnails/113/008/511/667/403/777/original/da824b9f5126b4bd.jpg', 'external_video_id': 'v59ofml', 'remote_url': None, 'preview_remote_url': None, 'text_url': None, 'meta': {'colors': {'background': '#d8d6d2', 'foreground': '#1d181d', 'accent': '#1d181d'}, 'original': {'width': 3840, 'height': 2160, 'frame_rate': '30/1', 'duration': 28.266667, 'bitrate': 25392950}, 'small': {'width': 480, 'height': 270, 'size': '480x270', 'aspect': 1.7777777777777777}}, 'description': None, 'blurhash': 'UaI5Pgx]t7of9H%gayRj~qxuWCRjflR*RjWB'}]",897,4600,16883,
113008498123921164,2024-08-23T00:27:15.141Z,,,https://truthsocial.com/@realDonaldTrump/113008498123921164,<p>THANK YOU ARIZONA‚ÄîMAGA2024!</p>,"[{'id': '113008497946409328', 'type': 'video', 'url': 'https://static-assets-1.truthsocial.com/tmtg:prime-ts-assets/media_attachments/files/113/008/497/946/409/328/original/8868d8a04a77048a.mp4', 'preview_url': 'https://static-assets-1.truthsocial.com/tmtg:prime-ts-assets/media_attachments/thumbnails/113/008/497/946/409/328/original/57f30c44214a1b61.jpg', 'external_video_id': 'v59of3g', 'remote_url': None, 'preview_remote_url': None, 'text_url': None, 'meta': {'colors': {'background': '#5b595c', 'foreground': '#c5c8cb', 'accent': '#c5c8cb'}, 'original': {'width': 1280, 'height': 720, 'frame_rate': '30/1', 'duration': 30.1, 'bitrate': 6371527}, 'small': {'width': 480, 'height': 270, 'size': '480x270', 'aspect': 1.7777777777777777}}, 'description': None, 'blurhash': 'UCEMB{?cw@?[-ibDkr9Gys.9kXs,.Sxq$e-;'}]",478,3967,17350,THANK YOU ARIZONA‚ÄîMAGA2024!
113008455925525034,2024-08-23T00:16:31.249Z,,113006342066945550,https://truthsocial.com/@realDonaldTrump/113008455925525034,"<p><span class=""quote-inline""><br/>RT: https://truthsocial.com/users/realDonaldTrump/statuses/113006342066945550</span></p>","[{'id': '113008455781382817', 'type': 'video', 'url': 'https://static-assets-1.truthsocial.com/tmtg:prime-ts-assets/media_attachments/files/113/008/455/781/382/817/original/fe24c9ba2320472a.mp4', 'preview_url': 'https://static-assets-1.truthsocial.com/tmtg:prime-ts-assets/media_attachments/thumbnails/113/008/455/781/382/817/original/9548f130039795f4.jpg', 'external_video_id': 'v59odlx', 'remote_url': None, 'preview_remote_url': None, 'text_url': None, 'meta': {'colors': {'background': '#97959a', 'foreground': '#201f1f', 'accent': '#44473b'}, 'original': {'width': 640, 'height': 360, 'frame_rate': '30/1', 'duration': 140.833333, 'bitrate': 797673}, 'small': {'width': 480, 'height': 270, 'size': '480x270', 'aspect': 1.7777777777777777}}, 'description': None, 'blurhash': 'UaF6e6%No#NH%%M|ogRj%2RjRjRjMwWBs:az'}]",406,2804,11961,RT: https://truthsocial.com/users/realDonaldTrump/statuses/113006342066945550
113008454310672959,2024-08-23T00:16:06.604Z,,113006342066945550,https://truthsocial.com/@realDonaldTrump/113008454310672959,"<p><span class=""quote-inline""><br/>RT: https://truthsocial.com/users/realDonaldTrump/statuses/113006342066945550</span></p>","[{'id': '113008454223237951', 'type': 'video', 'url': 'https://static-assets-1.truthsocial.com/tmtg:prime-ts-assets/media_attachments/files/113/008/454/223/237/951/original/2012ad69fb37761e.mp4', 'preview_url': 'https://static-assets-1.truthsocial.com/tmtg:prime-ts-assets/media_attachments/thumbnails/113/008/454/223/237/951/original/10e0e9a3257fea7b.jpg', 'external_video_id': 'v59odir', 'remote_url': None, 'preview_remote_url': None, 'text_url': None, 'meta': {'colors': {'background': '#a8a095', 'foreground': '#1b181d', 'accent': '#1b181d'}, 'original': {'width': 640, 'height': 360, 'frame_rate': '678800/11319', 'duration': 56.608798, 'bitrate': 639374}, 'small': {'width': 360, 'height': 203, 'size': '360x203', 'aspect': 1.7733990147783252}}, 'description': None, 'blurhash': 'UMGuq2x^o#kD0kXAf,bctT%LRkj]%gWAWBof'}]",308,2030,9549,RT: https://truthsocial.com/users/realDonaldTrump/statuses/113006342066945550
113013195465705760,2024-08-23T20:21:50.888Z,,,https://truthsocial.com/@realDonaldTrump/113013195465705760,"<p>RT <span class=""h-card""><a href=""https://truthsocial.com/@TeamTrump"" class=""u-url mention"">@<span>TeamTrump</span></a></span>PRESIDENT TRUMP: ""I will cut taxes, cut regulations, defeat inflation, rapidly bring prices down, and Make America AFFORDABLE again.""</p><p>""To help Seniors, we will have NO TAX ON SOCIAL SECURITY BENEFITS.""</p>",[],0,0,0,"RT @TeamTrumpPRESIDENT TRUMP: ""I will cut taxes, cut regulations, defeat inflation, rapidly bring prices down, and Make America AFFORDABLE again.""""To help Seniors, we will have NO TAX ON SOCIAL SECURITY BENEFITS."""
113013195421816642,2024-08-23T20:21:50.221Z,,,https://truthsocial.com/@realDonaldTrump/113013195421816642,"<p>RT <span class=""h-card""><a href=""https://truthsocial.com/@TeamTrump"" class=""u-url mention"">@<span>TeamTrump</span></a></span>PRESIDENT TRUMP: ""Under Kamala Harris, it has been one disaster after another ‚Äî After Kamala cast the tie-breaking votes on the bills that caused the worst inflation in decades, the Harris price hikes have cost the typical Nevada family more than $32,000 dollars.""</p><p>""Now Kamala is promising communist price controls on food. Her plan will cause catastrophic inflation, shortages, and rationing‚Äî the restaurant industry will be obliterated.""</p>",[],0,0,0,"RT @TeamTrumpPRESIDENT TRUMP: ""Under Kamala Harris, it has been one disaster after another ‚Äî After Kamala cast the tie-breaking votes on the bills that caused the worst inflation in decades, the Harris price hikes have cost the typical Nevada family more than $32,000 dollars.""""Now Kamala is promising communist price controls on food. Her plan will cause catastrophic inflation, shortages, and rationing‚Äî the restaurant industry will be obliterated."""
113013194934537835,2024-08-23T20:21:42.784Z,,,https://truthsocial.com/@realDonaldTrump/113013194934537835,"<p>RT <span class=""h-card""><a href=""https://truthsocial.com/@TeamTrump"" class=""u-url mention"">@<span>TeamTrump</span></a></span>Under President Trump:</p><p>‚Ä¢ Hispanic-American Household incomes hit an all-time high. </p><p>‚Ä¢ The Hispanic American unemployment rate hit a record low.</p><p>‚Ä¢ The Hispanic American poverty rate reached a record low.</p><p>‚Ä¢ More than 1.5 million Hispanic Americans were lifted out of poverty.</p><p>‚Ä¢ The household wealth of the median Hispanic family grew 65 percent.</p><p>‚Ä¢ The Hispanic-American high school graduation rate reached all-time high, and home ownership among Hispanics also hit a record high.</p>",[],0,0,0,"RT @TeamTrumpUnder President Trump:‚Ä¢ Hispanic-American Household incomes hit an all-time high. ‚Ä¢ The Hispanic American unemployment rate hit a record low.‚Ä¢ The Hispanic American poverty rate reached a record low.‚Ä¢ More than 1.5 million Hispanic Americans were lifted out of poverty.‚Ä¢ The household wealth of the median Hispanic family grew 65 percent.‚Ä¢ The Hispanic-American high school graduation rate reached all-time high, and home ownership among Hispanics also hit a record high."
113013192029395548,2024-08-23T20:20:58.460Z,,113012860677987239,https://truthsocial.com/@realDonaldTrump/113013192029395548,"<p><span class=""quote-inline""><br/>RT: https://truthsocial.com/users/realDonaldTrump/statuses/113012860677987239</span></p>","[{'id': '113013191916469430', 'type': 'video', 'url': 'https://static-assets-1.truthsocial.com/tmtg:prime-ts-assets/media_attachments/files/113/013/191/916/469/430/original/8666886664bd3648.mp4', 'preview_url': 'https://static-assets-1.truthsocial.com/tmtg:prime-ts-assets/media_attachments/thumbnails/113/013/191/916/469/430/original/547c510b8c0a513a.jpg', 'external_video_id': 'v59s5rv', 'remote_url': None, 'preview_remote_url': None, 'text_url': None, 'meta': {'colors': {'background': '#211914', 'foreground': '#b1a59b', 'accent': '#b8954c'}, 'original': {'width': 640, 'height': 360, 'frame_rate': '30/1', 'duration': 35.548299, 'bitrate': 579457}, 'small': {'width': 640, 'height': 360, 'size': '640x360', 'aspect': 1.7777777777777777}}, 'description': None, 'blurhash': 'UFE2OL~8xu9gxt9}xts*M|IrNHR*t3$~xVWF'}]",595,2484,11364,RT: https://truthsocial.com/users/realDonaldTrump/statuses/113012860677987239
113012860677987239,2024-08-23T18:56:42.436Z,,,https://truthsocial.com/@realDonaldTrump/113012860677987239,"<p>Join me live in Las Vegas, Nevada at 3:15PM Eastern! <a href=""https://truthsocial.com/tags/NoTaxOnTips"" class=""mention hashtag"" rel=""tag"">#<span>NoTaxOnTips</span></a> <a href=""https://links.truthsocial.com/link/113007812951870587"" rel=""nofollow noopener noreferrer"" target=""_blank""><span class=""invisible"">https://</span><span class=""ellipsis"">rumble.com/v5bzy6r-live-presid</span><span class=""invisible"">ent-trump-in-las-vegas-nv.html</span></a></p>",[],707,1999,8663,"Join me live in Las Vegas, Nevada at 3:15PM Eastern! #NoTaxOnTips https://rumble.com/v5bzy6r-live-president-trump-in-las-vegas-nv.html"
113012860288516877,2024-08-23T18:56:36.493Z,,,https://truthsocial.com/@realDonaldTrump/113012860288516877,"<p>RT <span class=""h-card""><a href=""https://truthsocial.com/@RSBN"" class=""u-url mention"">@<span>RSBN</span></a></span>LIVE: RSBN kicks off pre-show for President Trump's ""No Tax on Tips"" event in Las Vegas<br/><a href=""https://www.rsbnetwork.com/video/live-trump-holds-a-no-tax-on-tips-event-in-las-vegas-8-23-24/"" rel=""nofollow noopener noreferrer"" target=""_blank""><span class=""invisible"">https://www.</span><span class=""ellipsis"">rsbnetwork.com/video/live-trum</span><span class=""invisible"">p-holds-a-no-tax-on-tips-event-in-las-vegas-8-23-24/</span></a></p>",[],0,0,0,"RT @RSBNLIVE: RSBN kicks off pre-show for President Trump's ""No Tax on Tips"" event in Las Vegashttps://www.rsbnetwork.com/video/live-trump-holds-a-no-tax-on-tips-event-in-las-vegas-8-23-24/"
113012841930854837,2024-08-23T18:51:56.378Z,,,https://truthsocial.com/@realDonaldTrump/113012841930854837,"<p>RT <span class=""h-card""><a href=""https://truthsocial.com/@realDonaldTrump"" class=""u-url mention"">@<span>realDonaldTrump</span></a></span>NO TAX ON TIPS‚ÄîMAGA2024!</p>",[],0,0,0,RT @realDonaldTrumpNO TAX ON TIPS‚ÄîMAGA2024!
113012784378032779,2024-08-23T18:37:18.190Z,,,https://truthsocial.com/@realDonaldTrump/113012784378032779,<p>KAMALA HARRIS' MIGRANT CRIME EPIDEMIC IN NORTH CAROLINA‚Ä¶</p>,"[{'id': '113012784305683962', 'type': 'image', 'url': 'https://static-assets-1.truthsocial.com/tmtg:prime-ts-assets/media_attachments/files/113/012/784/305/683/962/original/ff1beab5f6e3e722.jpg', 'preview_url': 'https://static-assets-1.truthsocial.com/tmtg:prime-ts-assets/media_attachments/files/113/012/784/305/683/962/small/ff1beab5f6e3e722.jpg', 'external_video_id': None, 'remote_url': None, 'preview_remote_url': None, 'text_url': None, 'meta': {'original': {'width': 1013, 'height': 1012, 'size': '1013x1012', 'aspect': 1.0009881422924902}, 'small': {'width': 800, 'height': 799, 'size': '800x799', 'aspect': 1.0012515644555695}}, 'description': None, 'blurhash': 'U8FrnwJVEfMx4T9vb^={m+rWEKXS4T,BX7Jo'}]",680,3605,9218,KAMALA HARRIS' MIGRANT CRIME EPIDEMIC IN NORTH CAROLINA‚Ä¶
113012782971312169,2024-08-23T18:36:56.724Z,,,https://truthsocial.com/@realDonaldTrump/113012782971312169,<p>KAMALA HARRIS' MIGRANT CRIME EPIDEMIC IN GEORGIA‚Ä¶</p>,"[{'id': '113012782905129963', 'type': 'image', 'url': 'https://static-assets-1.truthsocial.com/tmtg:prime-ts-assets/media_attachments/files/113/012/782/905/129/963/original/fc4411ac7a6707fa.jpg', 'preview_url': 'https://static-assets-1.truthsocial.com/tmtg:prime-ts-assets/media_attachments/files/113/012/782/905/129/963/small/fc4411ac7a6707fa.jpg', 'external_video_id': None, 'remote_url': None, 'preview_remote_url': None, 'text_url': None, 'meta': {'original': {'width': 1013, 'height': 1012, 'size': '1013x1012', 'aspect': 1.0009881422924902}, 'small': {'width': 800, 'height': 799, 'size': '800x799', 'aspect': 1.0012515644555695}}, 'description': None, 'blurhash': 'U9HeUn%LT|-p4Tpcxa%29G8^Mcf54T?H6*Ef'}]",389,3342,8608,KAMALA HARRIS' MIGRANT CRIME EPIDEMIC IN GEORGIA‚Ä¶
113012781878956199,2024-08-23T18:36:40.059Z,,,https://truthsocial.com/@realDonaldTrump/113012781878956199,<p>KAMALA HARRIS' MIGRANT CRIME EPIDEMIC IN WISCONSIN‚Ä¶</p>,"[{'id': '113012781815366102', 'type': 'image', 'url': 'https://static-assets-1.truthsocial.com/tmtg:prime-ts-assets/media_attachments/files/113/012/781/815/366/102/original/b11a9c1620ae83f0.jpg', 'preview_url': 'https://static-assets-1.truthsocial.com/tmtg:prime-ts-assets/media_attachments/files/113/012/781/815/366/102/small/b11a9c1620ae83f0.jpg', 'external_video_id': None, 'remote_url': None, 'preview_remote_url': None, 'text_url': None, 'meta': {'original': {'width': 1013, 'height': 1012, 'size': '1013x1012', 'aspect': 1.0009881422924902}, 'small': {'width': 800, 'height': 799, 'size': '800x799', 'aspect': 1.0012515644555695}}, 'description': None, 'blurhash': 'U5DcK|n255T1L}aiKOWT4oNJOY%1xx.7InIB'}]",255,3154,8267,KAMALA HARRIS' MIGRANT CRIME EPIDEMIC IN WISCONSIN‚Ä¶
113012780675015767,2024-08-23T18:36:21.685Z,,,https://truthsocial.com/@realDonaldTrump/113012780675015767,<p>KAMALA HARRIS' MIGRANT CRIME EPIDEMIC IN PENNSYLVANIA‚Ä¶</p>,"[{'id': '113012780619784126', 'type': 'image', 'url': 'https://static-assets-1.truthsocial.com/tmtg:prime-ts-assets/media_attachments/files/113/012/780/619/784/126/original/b3190d0f5c9a6313.jpg', 'preview_url': 'https://static-assets-1.truthsocial.com/tmtg:prime-ts-assets/media_attachments/files/113/012/780/619/784/126/small/b3190d0f5c9a6313.jpg', 'external_video_id': None, 'remote_url': None, 'preview_remote_url': None, 'text_url': None, 'meta': {'original': {'width': 1013, 'height': 1012, 'size': '1013x1012', 'aspect': 1.0009881422924902}, 'small': {'width': 800, 'height': 799, 'size': '800x799', 'aspect': 1.0012515644555695}}, 'description': None, 'blurhash': 'UBEVjDxVE2M}#St4tkR.9Gs;9Zax01M|x^xZ'}]",246,3101,8099,KAMALA HARRIS' MIGRANT CRIME EPIDEMIC IN PENNSYLVANIA‚Ä¶
113012778404706199,2024-08-23T18:35:47.045Z,,,https://truthsocial.com/@realDonaldTrump/113012778404706199,<p>KAMALA HARRIS' MIGRANT CRIME EPIDEMIC IN MICHIGAN‚Ä¶</p>,"[{'id': '113012778338226490', 'type': 'image', 'url': 'https://static-assets-1.truthsocial.com/tmtg:prime-ts-assets/media_attachments/files/113/012/778/338/226/490/original/d30551b8e34e0481.jpg', 'preview_url': 'https://static-assets-1.truthsocial.com/tmtg:prime-ts-assets/media_attachments/files/113/012/778/338/226/490/small/d30551b8e34e0481.jpg', 'external_video_id': None, 'remote_url': None, 'preview_remote_url': None, 'text_url': None, 'meta': {'original': {'width': 1013, 'height': 1012, 'size': '1013x1012', 'aspect': 1.0009881422924902}, 'small': {'width': 800, 'height': 799, 'size': '800x799', 'aspect': 1.0012515644555695}}, 'description': None, 'blurhash': 'U9EyGGa09ZS#D%yDpIIA01ROEK%g$MMdtRo}'}]",239,3010,7875,KAMALA HARRIS' MIGRANT CRIME EPIDEMIC IN MICHIGAN‚Ä¶
113012777199653318,2024-08-23T18:35:28.655Z,,,https://truthsocial.com/@realDonaldTrump/113012777199653318,<p>KAMALA HARRIS' MIGRANT CRIME EPIDEMIC IN ARIZONA‚Ä¶</p>,"[{'id': '113012777131956161', 'type': 'image', 'url': 'https://static-assets-1.truthsocial.com/tmtg:prime-ts-assets/media_attachments/files/113/012/777/131/956/161/original/eb0d6a57eaac3755.jpg', 'preview_url': 'https://static-assets-1.truthsocial.com/tmtg:prime-ts-assets/media_attachments/files/113/012/777/131/956/161/small/eb0d6a57eaac3755.jpg', 'external_video_id': None, 'remote_url': None, 'preview_remote_url': None, 'text_url': None, 'meta': {'original': {'width': 1013, 'height': 1012, 'size': '1013x1012', 'aspect': 1.0009881422924902}, 'small': {'width': 800, 'height': 799, 'size': '800x799', 'aspect': 1.0012515644555695}}, 'description': None, 'blurhash': 'UAHLMLOa9anN8xo$yDV?0yibNGpI?uabNFRn'}]",245,3017,7793,KAMALA HARRIS' MIGRANT CRIME EPIDEMIC IN ARIZONA‚Ä¶
113012159362330540,2024-08-23T15:58:21.205Z,,,https://truthsocial.com/@realDonaldTrump/113012159362330540,<p>NO TAX ON TIPS‚ÄîMAGA2024!</p>,"[{'id': '113012159287595486', 'type': 'video', 'url': 'https://static-assets-1.truthsocial.com/tmtg:prime-ts-assets/media_attachments/files/113/012/159/287/595/486/original/0ccaa2662e7ecadd.mp4', 'preview_url': 'https://static-assets-1.truthsocial.com/tmtg:prime-ts-assets/media_attachments/thumbnails/113/012/159/287/595/486/original/f446b91f6fe6f0b7.jpg', 'external_video_id': 'v59r6j9', 'remote_url': None, 'preview_remote_url': None, 'text_url': None, 'meta': {'colors': {'background': '#070f24', 'foreground': '#5d564a', 'accent': '#244eb7'}, 'original': {'width': 1280, 'height': 720, 'frame_rate': '24000/1001', 'duration': 29.923333, 'bitrate': 783623}, 'small': {'width': 480, 'height': 270, 'size': '480x270', 'aspect': 1.7777777777777777}}, 'description': None, 'blurhash': 'U22?BPwDE9KS%gt9NFS%H[W.sprqMeWXs:nN'}]",1457,4562,14622,NO TAX ON TIPS‚ÄîMAGA2024!
113012083325505976,2024-08-23T15:39:00.980Z,,,https://truthsocial.com/@realDonaldTrump/113012083325505976,<p>My Administration will be great for women and their reproductive rights.</p>,[],3518,3918,15400,My Administration will be great for women and their reproductive rights.
113011728564486981,2024-08-23T14:08:47.752Z,,,https://truthsocial.com/@realDonaldTrump/113011728564486981,<p></p>,"[{'id': '113011728504753655', 'type': 'image', 'url': 'https://static-assets-1.truthsocial.com/tmtg:prime-ts-assets/media_attachments/files/113/011/728/504/753/655/original/1b27e45a9974ff0a.jpg', 'preview_url': 'https://static-assets-1.truthsocial.com/tmtg:prime-ts-assets/media_attachments/files/113/011/728/504/753/655/small/1b27e45a9974ff0a.jpg', 'external_video_id': None, 'remote_url': None, 'preview_remote_url': None, 'text_url': None, 'meta': {'original': {'width': 1221, 'height': 841, 'size': '1221x841', 'aspect': 1.4518430439952437}, 'small': {'width': 964, 'height': 664, 'size': '964x664', 'aspect': 1.4518072289156627}}, 'description': None, 'blurhash': 'UCQv%g00%LE1-;M{D%Rj={D%RjV?9FROaKRi'}]",971,4261,14996,
113011427261365737,2024-08-23T12:52:10.232Z,,,https://truthsocial.com/@realDonaldTrump/113011427261365737,<p></p>,"[{'id': '113011427196462030', 'type': 'image', 'url': 'https://static-assets-1.truthsocial.com/tmtg:prime-ts-assets/media_attachments/files/113/011/427/196/462/030/original/4d9b80e97592f83e.jpg', 'preview_url': 'https://static-assets-1.truthsocial.com/tmtg:prime-ts-assets/media_attachments/files/113/011/427/196/462/030/small/4d9b80e97592f83e.jpg', 'external_video_id': None, 'remote_url': None, 'preview_remote_url': None, 'text_url': None, 'meta': {'original': {'width': 1013, 'height': 1013, 'size': '1013x1013', 'aspect': 1.0}, 'small': {'width': 800, 'height': 800, 'size': '800x800', 'aspect': 1.0}}, 'description': None, 'blurhash': 'UOID~?r^D%V[~qaxxaoKAbR%NdoyXQkCRjWX'}]",1855,5965,18520,
113011353553097772,2024-08-23T12:33:25.535Z,,,https://truthsocial.com/@realDonaldTrump/113011353553097772,<p>‚ÄúùêèùêëùêÑùêíùêàùêÉùêÑùêçùêì ùêìùêëùêîùêåùêè‚Äôùêí ùüêùüé ùêèùêëùêéùêåùêàùêíùêÑùêí ùêìùêé ùêÄùêåùêÑùêëùêàùêÇùêÄ‚Äù</p>,"[{'id': '113011353148687820', 'type': 'video', 'url': 'https://static-assets-1.truthsocial.com/tmtg:prime-ts-assets/media_attachments/files/113/011/353/148/687/820/original/d1484e4f88e526ed.mp4', 'preview_url': 'https://static-assets-1.truthsocial.com/tmtg:prime-ts-assets/media_attachments/thumbnails/113/011/353/148/687/820/original/9bd0c2502c68c992.jpg', 'external_video_id': 'v59qf5m', 'remote_url': None, 'preview_remote_url': None, 'text_url': None, 'meta': {'colors': {'background': '#090500', 'foreground': '#e9c18d', 'accent': '#e9c18d'}, 'original': {'width': 1920, 'height': 1080, 'frame_rate': '110070/3671', 'duration': 122.3, 'bitrate': 4267960}, 'small': {'width': 640, 'height': 360, 'size': '640x360', 'aspect': 1.7777777777777777}}, 'description': None, 'blurhash': 'UB70rA$$9_I=}qxY9_Nb-SoLI=WCt5bGR+ja'}]",1572,7164,18896,‚ÄúùêèùêëùêÑùêíùêàùêÉùêÑùêçùêì ùêìùêëùêîùêåùêè‚Äôùêí ùüêùüé ùêèùêëùêéùêåùêàùêíùêÑùêí ùêìùêé ùêÄùêåùêÑùêëùêàùêÇùêÄ‚Äù
113011338843720104,2024-08-23T12:29:41.087Z,,,https://truthsocial.com/@realDonaldTrump/113011338843720104,<p>I LOVE THE NEW YORK POST!</p>,"[{'id': '113011338763868157', 'type': 'image', 'url': 'https://static-assets-1.truthsocial.com/tmtg:prime-ts-assets/media_attachments/files/113/011/338/763/868/157/original/5aaa913e5a76d18d.jpg', 'preview_url': 'https://static-assets-1.truthsocial.com/tmtg:prime-ts-assets/media_attachments/files/113/011/338/763/868/157/small/5aaa913e5a76d18d.jpg', 'external_video_id': None, 'remote_url': None, 'preview_remote_url': None, 'text_url': None, 'meta': {'original': {'width': 958, 'height': 1072, 'size': '958x1072', 'aspect': 0.8936567164179104}, 'small': {'width': 756, 'height': 846, 'size': '756x846', 'aspect': 0.8936170212765957}}, 'description': None, 'blurhash': 'UJLgw=~9%KocDOITM{of^,OHMyWC_4Sis;s;'}]",2805,13456,45729,I LOVE THE NEW YORK POST!
113009893061956633,2024-08-23T06:22:00.210Z,,113008999688987506,https://truthsocial.com/@realDonaldTrump/113009893061956633,<p></p>,"[{'id': '113009892924965234', 'type': 'video', 'url': 'https://static-assets-1.truthsocial.com/tmtg:prime-ts-assets/media_attachments/files/113/009/892/924/965/234/original/df374d1f2d69cc3f.mp4', 'preview_url': 'https://static-assets-1.truthsocial.com/tmtg:prime-ts-assets/media_attachments/thumbnails/113/009/892/924/965/234/original/b14c36f7c4d5995f.jpg', 'external_video_id': 'v59pjcq', 'remote_url': None, 'preview_remote_url': None, 'text_url': None, 'meta': {'colors': {'background': '#191419', 'foreground': '#c8b9c6', 'accent': '#c8b9c6'}, 'original': {'width': 1280, 'height': 720, 'frame_rate': '690000/23041', 'duration': 42.116667, 'bitrate': 2364859}, 'small': {'width': 480, 'height': 270, 'size': '480x270', 'aspect': 1.7777777777777777}}, 'description': None, 'blurhash': 'U78W:W4-~DNH-q55^,E1slIn-pM_%2R*WYM_'}]",3257,3468,14464,
113009848632198959,2024-08-23T06:10:42.262Z,,113009076026331275,https://truthsocial.com/@realDonaldTrump/113009848632198959,"<p><span class=""quote-inline""><br/>RT: https://truthsocial.com/users/realDonaldTrump/statuses/113009076026331275</span></p>","[{'id': '113009848568260513', 'type': 'image', 'url': 'https://static-assets-1.truthsocial.com/tmtg:prime-ts-assets/media_attachments/files/113/009/848/568/260/513/original/8659c429ca62bcd1.jpg', 'preview_url': 'https://static-assets-1.truthsocial.com/tmtg:prime-ts-assets/media_attachments/files/113/009/848/568/260/513/small/8659c429ca62bcd1.jpg', 'external_video_id': None, 'remote_url': None, 'preview_remote_url': None, 'text_url': None, 'meta': {'original': {'width': 1080, 'height': 928, 'size': '1080x928', 'aspect': 1.1637931034482758}, 'small': {'width': 863, 'height': 742, 'size': '863x742', 'aspect': 1.1630727762803235}}, 'description': None, 'blurhash': 'U;Ke4laxRkoextj[oLjs02j[oeayR*ayWBa}'}]",1754,5628,18183,RT: https://truthsocial.com/users/realDonaldTrump/statuses/113009076026331275
113009759551567410,2024-08-23T05:48:02.998Z,,,https://truthsocial.com/@realDonaldTrump/113009759551567410,<p>‚ÄúPRESIDENT TRUMP JOINS NEWSMAX AS DNC ENDS‚Äù</p>,"[{'id': '113009759244501508', 'type': 'video', 'url': 'https://static-assets-1.truthsocial.com/tmtg:prime-ts-assets/media_attachments/files/113/009/759/244/501/508/original/551e13591ff1fc16.mp4', 'preview_url': 'https://static-assets-1.truthsocial.com/tmtg:prime-ts-assets/media_attachments/thumbnails/113/009/759/244/501/508/original/086637d10bff15d4.jpg', 'external_video_id': 'v59pgg5', 'remote_url': None, 'preview_remote_url': None, 'text_url': None, 'meta': {'colors': {'background': '#e0f1f2', 'foreground': '#1a1d1f', 'accent': '#0f205d'}, 'original': {'width': 1280, 'height': 720, 'frame_rate': '287115000/9581081', 'duration': 638.677, 'bitrate': 666667}, 'small': {'width': 480, 'height': 270, 'size': '480x270', 'aspect': 1.7777777777777777}}, 'description': None, 'blurhash': 'UgIh?bNHTgs9?^WEg4sp%1xssQbE%FWCxDR+'}]",941,4387,16182,‚ÄúPRESIDENT TRUMP JOINS NEWSMAX AS DNC ENDS‚Äù
113009752717208400,2024-08-23T05:46:18.716Z,,,https://truthsocial.com/@realDonaldTrump/113009752717208400,"<p>Rachel Morin. <a href=""https://truthsocial.com/tags/SayHerName"" class=""mention hashtag"" rel=""tag"">#<span>SayHerName</span></a></p>","[{'id': '113009752565157905', 'type': 'video', 'url': 'https://static-assets-1.truthsocial.com/tmtg:prime-ts-assets/media_attachments/files/113/009/752/565/157/905/original/3b84f56c1ec62839.mp4', 'preview_url': 'https://static-assets-1.truthsocial.com/tmtg:prime-ts-assets/media_attachments/thumbnails/113/009/752/565/157/905/original/51578a202b71df0b.jpg', 'external_video_id': 'v59pgc2', 'remote_url': None, 'preview_remote_url': None, 'text_url': None, 'meta': {'colors': {'background': '#252226', 'foreground': '#e7d4d2', 'accent': '#e7d4d2'}, 'original': {'width': 720, 'height': 720, 'frame_rate': '24000/1001', 'duration': 249.172, 'bitrate': 471614}, 'small': {'width': 360, 'height': 360, 'size': '360x360', 'aspect': 1.0}}, 'description': None, 'blurhash': 'UUF5X6-pE1E2~Cxat7WB%1j@xts:oJWWj[t7'}]",733,5112,16452,Rachel Morin. #SayHerName
113009748738790585,2024-08-23T05:45:18.011Z,,,https://truthsocial.com/@realDonaldTrump/113009748738790585,"<p>Jocelyn Nungaray. <a href=""https://truthsocial.com/tags/SayHerName"" class=""mention hashtag"" rel=""tag"">#<span>SayHerName</span></a></p>","[{'id': '113009748600739169', 'type': 'video', 'url': 'https://static-assets-1.truthsocial.com/tmtg:prime-ts-assets/media_attachments/files/113/009/748/600/739/169/original/f89f44c3788974bc.mp4', 'preview_url': 'https://static-assets-1.truthsocial.com/tmtg:prime-ts-assets/media_attachments/thumbnails/113/009/748/600/739/169/original/8fa23f5a78292d23.jpg', 'external_video_id': 'v59pg8t', 'remote_url': None, 'preview_remote_url': None, 'text_url': None, 'meta': {'colors': {'background': '#100d10', 'foreground': '#ecd4cb', 'accent': '#ecd4cb'}, 'original': {'width': 720, 'height': 720, 'frame_rate': '24000/1001', 'duration': 218.558667, 'bitrate': 463314}, 'small': {'width': 360, 'height': 360, 'size': '360x360', 'aspect': 1.0}}, 'description': None, 'blurhash': 'UsI;YSofE1oL~Vs:ayj[NGfR%2j[t7R*j[ay'}]",599,4723,15254,Jocelyn Nungaray. #SayHerName
113009441752078113,2024-08-23T04:27:13.764Z,,113009177436070925,https://truthsocial.com/@realDonaldTrump/113009441752078113,"<p><span class=""quote-inline""><br/>RT: https://truthsocial.com/users/realDonaldTrump/statuses/113009177436070925</span></p>","[{'id': '113009441051308042', 'type': 'video', 'url': 'https://static-assets-1.truthsocial.com/tmtg:prime-ts-assets/media_attachments/files/113/009/441/051/308/042/original/862375fe9a7830d1.mp4', 'preview_url': 'https://static-assets-1.truthsocial.com/tmtg:prime-ts-assets/media_attachments/thumbnails/113/009/441/051/308/042/original/bcf9e80a28f7ef09.jpg', 'external_video_id': 'v59p96d', 'remote_url': None, 'preview_remote_url': None, 'text_url': None, 'meta': {'colors': {'background': '#dadce1', 'foreground': '#12101a', 'accent': '#0d2964'}, 'original': {'width': 1280, 'height': 720, 'frame_rate': '68872500/2298299', 'duration': 612.829, 'bitrate': 1803916}, 'small': {'width': 480, 'height': 270, 'size': '480x270', 'aspect': 1.7777777777777777}}, 'description': None, 'blurhash': 'ULJ*o6tOt7WA01o}%1f+_NIVIUV[?vV@R*of'}]",1111,3063,13039,RT: https://truthsocial.com/users/realDonaldTrump/statuses/113009177436070925
113009270802970443,2024-08-23T03:43:45.288Z,,113009132396502015,https://truthsocial.com/@realDonaldTrump/113009270802970443,"<p><span class=""quote-inline""><br/>RT: https://truthsocial.com/users/realDonaldTrump/statuses/113009132396502015</span></p>","[{'id': '113009270682154772', 'type': 'video', 'url': 'https://static-assets-1.truthsocial.com/tmtg:prime-ts-assets/media_attachments/files/113/009/270/682/154/772/original/872f3d66b95478ba.mp4', 'preview_url': 'https://static-assets-1.truthsocial.com/tmtg:prime-ts-assets/media_attachments/thumbnails/113/009/270/682/154/772/original/1a142b4b0d0a46cd.jpg', 'external_video_id': 'v59p4l1', 'remote_url': None, 'preview_remote_url': None, 'text_url': None, 'meta': {'colors': {'background': '#0b191e', 'foreground': '#c9ccca', 'accent': '#bac2c1'}, 'original': {'width': 1080, 'height': 608, 'frame_rate': '5850144/244337', 'duration': 61.060978, 'bitrate': 1279698}, 'small': {'width': 480, 'height': 270, 'size': '480x270', 'aspect': 1.7777777777777777}}, 'description': None, 'blurhash': 'UFD,N0D%xaM{~qWE%Mxuxu%Mxut7IUe.WB-;'}]",1068,4459,14968,RT: https://truthsocial.com/users/realDonaldTrump/statuses/113009132396502015
113009227296204369,2024-08-23T03:32:41.426Z,,,https://truthsocial.com/@realDonaldTrump/113009227296204369,<p></p>,"[{'id': '113009227235106574', 'type': 'image', 'url': 'https://static-assets-1.truthsocial.com/tmtg:prime-ts-assets/media_attachments/files/113/009/227/235/106/574/original/d516234e8a81b1d6.jpg', 'preview_url': 'https://static-assets-1.truthsocial.com/tmtg:prime-ts-assets/media_attachments/files/113/009/227/235/106/574/small/d516234e8a81b1d6.jpg', 'external_video_id': None, 'remote_url': None, 'preview_remote_url': None, 'text_url': None, 'meta': {'original': {'width': 972, 'height': 1057, 'size': '972x1057', 'aspect': 0.9195837275307474}, 'small': {'width': 767, 'height': 834, 'size': '767x834', 'aspect': 0.919664268585132}}, 'description': None, 'blurhash': 'U9AK|Zxt0WM}xbV[N~kCbfWBS5kCNjt6jWM}'}]",1571,6819,18190,
113009224720203152,2024-08-23T03:32:02.120Z,,,https://truthsocial.com/@realDonaldTrump/113009224720203152,<p>WATCH KAMALA TRY TO GASLIGHT AMERICA‚Ä¶</p>,"[{'id': '113009224552757372', 'type': 'video', 'url': 'https://static-assets-1.truthsocial.com/tmtg:prime-ts-assets/media_attachments/files/113/009/224/552/757/372/original/8e5987a77dc50f1e.mp4', 'preview_url': 'https://static-assets-1.truthsocial.com/tmtg:prime-ts-assets/media_attachments/thumbnails/113/009/224/552/757/372/original/9c8046dfefb133b0.jpg', 'external_video_id': 'v59p3d1', 'remote_url': None, 'preview_remote_url': None, 'text_url': None, 'meta': {'colors': {'background': '#000000', 'foreground': '#808080', 'accent': '#595959'}, 'original': {'width': 1280, 'height': 720, 'frame_rate': '30/1', 'duration': 63.9, 'bitrate': 2082244}, 'small': {'width': 480, 'height': 270, 'size': '480x270', 'aspect': 1.7777777777777777}}, 'description': None, 'blurhash': 'U00000fQfQfQfQfQfQfQfQfQfQfQfQfQfQfQ'}]",981,4203,13348,WATCH KAMALA TRY TO GASLIGHT AMERICA‚Ä¶
113009177436070925,2024-08-23T03:20:00.622Z,,,https://truthsocial.com/@realDonaldTrump/113009177436070925,<p>I‚Äôll be going on Fox in a few minutes to discuss Marxism in America!</p>,[],2219,3334,18543,I‚Äôll be going on Fox in a few minutes to discuss Marxism in America!
113009156896824258,2024-08-23T03:14:47.215Z,,,https://truthsocial.com/@realDonaldTrump/113009156896824258,"<p>Look, it‚Äôs Crazy Nancy Pelosi looking on, saying, ‚ÄúWhere‚Äôs Crooked Joe?‚Äù</p>",[],1537,3174,18154,"Look, it‚Äôs Crazy Nancy Pelosi looking on, saying, ‚ÄúWhere‚Äôs Crooked Joe?‚Äù"
113009153020753095,2024-08-23T03:13:48.077Z,,,https://truthsocial.com/@realDonaldTrump/113009153020753095,"<p>There will be no future under Comrade Kamala Harris, because she will take us into a Nuclear World War III! She will never be respected by the Tyrants of the World!</p>",[],1699,4541,21323,"There will be no future under Comrade Kamala Harris, because she will take us into a Nuclear World War III! She will never be respected by the Tyrants of the World!"
113009149549640034,2024-08-23T03:12:55.106Z,,,https://truthsocial.com/@realDonaldTrump/113009149549640034,"<p>She didn‚Äôt mention China, she didn‚Äôt mention fracking, she didn‚Äôt mention Energy, she didn‚Äôt mention, meaningfully, Russia and Ukraine, she didn‚Äôt mention the big subjects of the day, that are destroying our Country. There are 60 million people in poverty in the U.S., under their watch, and she doesn‚Äôt even talk about them!</p>",[],1643,5812,23167,"She didn‚Äôt mention China, she didn‚Äôt mention fracking, she didn‚Äôt mention Energy, she didn‚Äôt mention, meaningfully, Russia and Ukraine, she didn‚Äôt mention the big subjects of the day, that are destroying our Country. There are 60 million people in poverty in the U.S., under their watch, and she doesn‚Äôt even talk about them!"
113009148988017282,2024-08-23T03:12:46.537Z,,,https://truthsocial.com/@realDonaldTrump/113009148988017282,<p>SHE HAS LED US INTO FAILING NATION STATUS!</p>,[],1017,4152,21125,SHE HAS LED US INTO FAILING NATION STATUS!
113009148078513377,2024-08-23T03:12:32.660Z,,,https://truthsocial.com/@realDonaldTrump/113009148078513377,<p></p>,"[{'id': '113009147977041318', 'type': 'video', 'url': 'https://static-assets-1.truthsocial.com/tmtg:prime-ts-assets/media_attachments/files/113/009/147/977/041/318/original/0094775129eaa4d9.mp4', 'preview_url': 'https://static-assets-1.truthsocial.com/tmtg:prime-ts-assets/media_attachments/thumbnails/113/009/147/977/041/318/original/1c4108d3ca31f5cb.jpg', 'external_video_id': 'v59p11p', 'remote_url': None, 'preview_remote_url': None, 'text_url': None, 'meta': {'colors': {'background': '#0b0a09', 'foreground': '#8f8c8a', 'accent': '#8c827b'}, 'original': {'width': 1280, 'height': 720, 'frame_rate': '1889090575/78790958', 'duration': 60.101812, 'bitrate': 694842}, 'small': {'width': 360, 'height': 203, 'size': '360x203', 'aspect': 1.7733990147783252}}, 'description': None, 'blurhash': 'U55}jh0KD%?ax]RjWBof00-;-pE1D%xuofRj'}]",292,2776,9661,
113009145171487663,2024-08-23T03:11:48.302Z,,,https://truthsocial.com/@realDonaldTrump/113009145171487663,"<p>She talks about Compassion, but doesn‚Äôt talk about all of the people she‚Äôs allowed into our Country, 43% INCREASE IN VIOLENT CRIME NATIONWIDE, 60% INCREASE IN RAPE, SINCE SHE‚ÄôS BEEN BORDER CZAR. CRIME HAS GONE THROUGH THE ROOF. SHE CHEATED ON JOBS, 818,000, TO MAKE OUR COUNTRY LOOK LIKE IT‚ÄôS THRIVING. INFLATION IS KILLING US!</p>",[],1571,5531,22431,"She talks about Compassion, but doesn‚Äôt talk about all of the people she‚Äôs allowed into our Country, 43% INCREASE IN VIOLENT CRIME NATIONWIDE, 60% INCREASE IN RAPE, SINCE SHE‚ÄôS BEEN BORDER CZAR. CRIME HAS GONE THROUGH THE ROOF. SHE CHEATED ON JOBS, 818,000, TO MAKE OUR COUNTRY LOOK LIKE IT‚ÄôS THRIVING. INFLATION IS KILLING US!"
113009140194457880,2024-08-23T03:10:32.358Z,,,https://truthsocial.com/@realDonaldTrump/113009140194457880,"<p>She‚Äôs done nothing for three and a half years but talk, and that‚Äôs what she‚Äôs doing tonight, she‚Äôs complaining about everything but doing nothing! She should leave the Speech right now, go to Washington, D.C., close the Border, allow fracking in Pennsylvania and other places, and start doing the things she‚Äôs complaining about aren‚Äôt done!</p>",[],1375,5044,22338,"She‚Äôs done nothing for three and a half years but talk, and that‚Äôs what she‚Äôs doing tonight, she‚Äôs complaining about everything but doing nothing! She should leave the Speech right now, go to Washington, D.C., close the Border, allow fracking in Pennsylvania and other places, and start doing the things she‚Äôs complaining about aren‚Äôt done!"
113009139767312537,2024-08-23T03:10:25.841Z,,,https://truthsocial.com/@realDonaldTrump/113009139767312537,"<p>She talks about other Countries‚Äô Borders, but nothing about our Borders!</p>",[],770,4206,20937,"She talks about other Countries‚Äô Borders, but nothing about our Borders!"
113009133460070875,2024-08-23T03:08:49.601Z,,,https://truthsocial.com/@realDonaldTrump/113009133460070875,<p>She stands for Incompetence and Weakness ‚Äì Our Country is being laughed at all over the World!</p>,[],1188,3892,19520,She stands for Incompetence and Weakness ‚Äì Our Country is being laughed at all over the World!
113009132680430059,2024-08-23T03:08:37.702Z,,,https://truthsocial.com/@realDonaldTrump/113009132680430059,"<p>The Tyrants are laughing at her, she‚Äôs weak and ineffective, and for three and a half years she has done nothing except enabled them to get STRONG, RICH, and POWERFUL!</p>",[],811,3892,19423,"The Tyrants are laughing at her, she‚Äôs weak and ineffective, and for three and a half years she has done nothing except enabled them to get STRONG, RICH, and POWERFUL!"
113009132396502015,2024-08-23T03:08:33.371Z,,,https://truthsocial.com/@realDonaldTrump/113009132396502015,<p>She caused the Attack of October 7th. Iran was BROKE - Didn‚Äôt have money for Hezbollah!</p>,[],553,3649,17577,She caused the Attack of October 7th. Iran was BROKE - Didn‚Äôt have money for Hezbollah!
113009125815023763,2024-08-23T03:06:52.948Z,,,https://truthsocial.com/@realDonaldTrump/113009125815023763,<p>SHE HATES ISRAEL - Wouldn‚Äôt even show up to Congress for Netanyahu‚Äôs session!</p>,[],1094,4173,20098,SHE HATES ISRAEL - Wouldn‚Äôt even show up to Congress for Netanyahu‚Äôs session!
113009125337963716,2024-08-23T03:06:45.666Z,,,https://truthsocial.com/@realDonaldTrump/113009125337963716,"<p>Russia/Ukraine would have never started if I were President. She was sent to try to stop it, Putin attacked three days later!</p>",[],735,3629,18831,"Russia/Ukraine would have never started if I were President. She was sent to try to stop it, Putin attacked three days later!"
113009124760114751,2024-08-23T03:06:36.848Z,,,https://truthsocial.com/@realDonaldTrump/113009124760114751,"<p>NATO wasn‚Äôt paying their Bills, almost every Country was delinquent. When I said, ‚ÄúIf you don‚Äôt pay, we‚Äôre out, the United States is tired of being a sucker,‚Äù the money came rolling in by the BILLIONS, and I saved NATO!</p>",[],541,3452,17313,"NATO wasn‚Äôt paying their Bills, almost every Country was delinquent. When I said, ‚ÄúIf you don‚Äôt pay, we‚Äôre out, the United States is tired of being a sucker,‚Äù the money came rolling in by the BILLIONS, and I saved NATO!"
113009123440127727,2024-08-23T03:06:16.710Z,,,https://truthsocial.com/@realDonaldTrump/113009123440127727,<p></p>,"[{'id': '113009123361334544', 'type': 'video', 'url': 'https://static-assets-1.truthsocial.com/tmtg:prime-ts-assets/media_attachments/files/113/009/123/361/334/544/original/74c5e1d228dafd23.mp4', 'preview_url': 'https://static-assets-1.truthsocial.com/tmtg:prime-ts-assets/media_attachments/thumbnails/113/009/123/361/334/544/original/a19f259568b3828d.jpg', 'external_video_id': 'v59p07p', 'remote_url': None, 'preview_remote_url': None, 'text_url': None, 'meta': {'colors': {'background': '#000000', 'foreground': '#808080', 'accent': '#595959'}, 'original': {'width': 1280, 'height': 720, 'frame_rate': '901000000/30063373', 'duration': 30.063373, 'bitrate': 887013}, 'small': {'width': 480, 'height': 270, 'size': '480x270', 'aspect': 1.7777777777777777}}, 'description': None, 'blurhash': 'U00000fQfQfQfQfQfQfQfQfQfQfQfQfQfQfQ'}]",261,2279,8616,
113009120925667027,2024-08-23T03:05:38.340Z,,,https://truthsocial.com/@realDonaldTrump/113009120925667027,"<p>She just called to give all Illegals CITIZENSHIP, SAY GOODBYE TO THE U.S.A.! SHE IS A RADICAL MARXIST!</p>",[],1116,5311,21205,"She just called to give all Illegals CITIZENSHIP, SAY GOODBYE TO THE U.S.A.! SHE IS A RADICAL MARXIST!"
113009119703567926,2024-08-23T03:05:19.696Z,,,https://truthsocial.com/@realDonaldTrump/113009119703567926,"<p>The Border Bill is one of the worst ever written, would have allowed millions of people into our Country, and it‚Äôs only a political ploy by her! It legalizes Illegal Immigration, and is a TOTAL DISASTER, WEAK AND INEFFECTIVE! She doesn‚Äôt need a Bill. As President, Crooked Joe and her could have just said, ‚ÄúCLOSE THE BORDER!‚Äù like I did ‚Äì I didn‚Äôt have a Bill, I didn‚Äôt need a Bill. The Border Patrol respected me, they did their job. We had the Safest Border in Recorded History!</p>",[],736,4451,19394,"The Border Bill is one of the worst ever written, would have allowed millions of people into our Country, and it‚Äôs only a political ploy by her! It legalizes Illegal Immigration, and is a TOTAL DISASTER, WEAK AND INEFFECTIVE! She doesn‚Äôt need a Bill. As President, Crooked Joe and her could have just said, ‚ÄúCLOSE THE BORDER!‚Äù like I did ‚Äì I didn‚Äôt have a Bill, I didn‚Äôt need a Bill. The Border Patrol respected me, they did their job. We had the Safest Border in Recorded History!"
113009111668420268,2024-08-23T03:03:17.093Z,,,https://truthsocial.com/@realDonaldTrump/113009111668420268,<p>She wants to spend all of our money on Illegal Immigrants that are invading our Country!</p>,[],1169,3981,18149,She wants to spend all of our money on Illegal Immigrants that are invading our Country!
113009103940625194,2024-08-23T03:01:19.169Z,,,https://truthsocial.com/@realDonaldTrump/113009103940625194,"<p>Everybody, Democrats, Republicans, Liberals, and Conservatives, wanted Roe v. Wade TERMINATED, and brought back to the States. Like Ronald Reagan and myself, most believe in EXCEPTIONS. Now the people are voting, which is the way it was supposed to be. I do not limit access to birth control or I.V.F. - THAT IS A LIE, these are all false stories that she‚Äôs making up, that I‚Äôve never even heard of. It‚Äôs just words coming out of her mouth. I TRUST WOMEN, ALSO, AND I WILL KEEP WOMEN SAFE! SHE WON‚ÄôT, BECAUSE THE INVASION OF OUR COUNTRY AT HER OPEN BORDER IS DESTROYING THE LIVES OF WOMEN, AND THE FAMILIES AND JOBS OF AFRICAN AMERICANS AND HISPANICS.</p>",[],2313,4912,21387,"Everybody, Democrats, Republicans, Liberals, and Conservatives, wanted Roe v. Wade TERMINATED, and brought back to the States. Like Ronald Reagan and myself, most believe in EXCEPTIONS. Now the people are voting, which is the way it was supposed to be. I do not limit access to birth control or I.V.F. - THAT IS A LIE, these are all false stories that she‚Äôs making up, that I‚Äôve never even heard of. It‚Äôs just words coming out of her mouth. I TRUST WOMEN, ALSO, AND I WILL KEEP WOMEN SAFE! SHE WON‚ÄôT, BECAUSE THE INVASION OF OUR COUNTRY AT HER OPEN BORDER IS DESTROYING THE LIVES OF WOMEN, AND THE FAMILIES AND JOBS OF AFRICAN AMERICANS AND HISPANICS."
113009090274512680,2024-08-23T02:57:50.640Z,,,https://truthsocial.com/@realDonaldTrump/113009090274512680,"<p>No specific programs, ALL TALK, NO ACTION ‚Äî Why didn‚Äôt she do it three and a half years ago?</p>",[],2069,4244,22211,"No specific programs, ALL TALK, NO ACTION ‚Äî Why didn‚Äôt she do it three and a half years ago?"
113009089283383944,2024-08-23T02:57:35.517Z,,,https://truthsocial.com/@realDonaldTrump/113009089283383944,"<p>She said she‚Äôs going to lower the Cost of Housing, but Houses were More Affordable under TRUMP! Also, why didn‚Äôt she do it?</p>",[],787,3937,21000,"She said she‚Äôs going to lower the Cost of Housing, but Houses were More Affordable under TRUMP! Also, why didn‚Äôt she do it?"
113009088537973704,2024-08-23T02:57:24.143Z,,,https://truthsocial.com/@realDonaldTrump/113009088537973704,<p>She will obliterate Social Security and Medicare by giving it away to the Millions of Illegal Immigrants who are infiltrating our Country!</p>,[],695,4233,20022,She will obliterate Social Security and Medicare by giving it away to the Millions of Illegal Immigrants who are infiltrating our Country!
113009087358732154,2024-08-23T02:57:06.151Z,,,https://truthsocial.com/@realDonaldTrump/113009087358732154,"<p>She‚Äôs projecting an Opportunity Economy, but I created Opportunity Zones, the Most Successful Economic Development Policy in years!</p>",[],510,3387,18401,"She‚Äôs projecting an Opportunity Economy, but I created Opportunity Zones, the Most Successful Economic Development Policy in years!"
113009086759963358,2024-08-23T02:56:57.013Z,,,https://truthsocial.com/@realDonaldTrump/113009086759963358,"<p>She‚Äôs talking about the Middle Class, but she‚Äôs the one who broke the Middle Class, and made it UNSAFE AND UNAFFORDABLE!</p>",[],653,3768,19248,"She‚Äôs talking about the Middle Class, but she‚Äôs the one who broke the Middle Class, and made it UNSAFE AND UNAFFORDABLE!"
113009077097325970,2024-08-23T02:54:29.572Z,,,https://truthsocial.com/@realDonaldTrump/113009077097325970,"<p>She said, ‚ÄúChart a new way forward,‚Äù but she‚Äôs had three and a half years, and has done nothing but HARM!</p>",[],1521,4217,22215,"She said, ‚ÄúChart a new way forward,‚Äù but she‚Äôs had three and a half years, and has done nothing but HARM!"
113009076026331275,2024-08-23T02:54:13.231Z,,,https://truthsocial.com/@realDonaldTrump/113009076026331275,"<p>LYING AGAIN ABOUT PROJECT 2025, WHICH SHE KNOWS, AND SO DO ALL DEMOCRATS, THAT I HAVE ABSOLUTELY NOTHING TO DO WITH!</p>",[],1932,4977,22934,"LYING AGAIN ABOUT PROJECT 2025, WHICH SHE KNOWS, AND SO DO ALL DEMOCRATS, THAT I HAVE ABSOLUTELY NOTHING TO DO WITH!"
113009074794208002,2024-08-23T02:53:54.434Z,,,https://truthsocial.com/@realDonaldTrump/113009074794208002,<p>WONDER WHY KAMALA HARRIS WON‚ÄôT DO INTERVIEWS OR UNSCRIPTED EVENTS?</p>,"[{'id': '113009074576899463', 'type': 'video', 'url': 'https://static-assets-1.truthsocial.com/tmtg:prime-ts-assets/media_attachments/files/113/009/074/576/899/463/original/6c39c2ae7f7fc1ea.mp4', 'preview_url': 'https://static-assets-1.truthsocial.com/tmtg:prime-ts-assets/media_attachments/thumbnails/113/009/074/576/899/463/original/2663112af7682853.jpg', 'external_video_id': 'v59oyj7', 'remote_url': None, 'preview_remote_url': None, 'text_url': None, 'meta': {'colors': {'background': '#000000', 'foreground': '#808080', 'accent': '#595959'}, 'original': {'width': 960, 'height': 540, 'frame_rate': '30/1', 'duration': 164.833333, 'bitrate': 1428436}, 'small': {'width': 480, 'height': 270, 'size': '480x270', 'aspect': 1.7777777777777777}}, 'description': None, 'blurhash': 'U00000fQfQfQfQfQfQfQfQfQfQfQfQfQfQfQ'}]",679,3053,11378,WONDER WHY KAMALA HARRIS WON‚ÄôT DO INTERVIEWS OR UNSCRIPTED EVENTS?
113009068865620786,2024-08-23T02:52:23.967Z,,,https://truthsocial.com/@realDonaldTrump/113009068865620786,<p>IS SHE TALKING ABOUT ME?</p>,[],2701,2930,18678,IS SHE TALKING ABOUT ME?
113009067194632815,2024-08-23T02:51:58.475Z,,,https://truthsocial.com/@realDonaldTrump/113009067194632815,<p></p>,"[{'id': '113009067091698293', 'type': 'image', 'url': 'https://static-assets-1.truthsocial.com/tmtg:prime-ts-assets/media_attachments/files/113/009/067/091/698/293/original/cf6d27302bb70543.jpg', 'preview_url': 'https://static-assets-1.truthsocial.com/tmtg:prime-ts-assets/media_attachments/files/113/009/067/091/698/293/small/cf6d27302bb70543.jpg', 'external_video_id': None, 'remote_url': None, 'preview_remote_url': None, 'text_url': None, 'meta': {'original': {'width': 1026, 'height': 1000, 'size': '1026x1000', 'aspect': 1.026}, 'small': {'width': 810, 'height': 789, 'size': '810x789', 'aspect': 1.026615969581749}}, 'description': None, 'blurhash': 'UDDui1}=E1wcm,xZnhn$7iE3wboyI:j[Rjs.'}]",564,4325,16707,
113009066397212800,2024-08-23T02:51:46.304Z,,,https://truthsocial.com/@realDonaldTrump/113009066397212800,<p>SHE PAID AND RAISED BAIL TO GET THE VIOLENT RIOTERS IN MINNESOTA OUT OF JAIL!</p>,[],588,4197,19074,SHE PAID AND RAISED BAIL TO GET THE VIOLENT RIOTERS IN MINNESOTA OUT OF JAIL!
113009062564109638,2024-08-23T02:50:47.812Z,,,https://truthsocial.com/@realDonaldTrump/113009062564109638,"<p>These Prosecutions were all started by her and Biden against their Political Opponent, ME!</p>",[],1048,3876,19425,"These Prosecutions were all started by her and Biden against their Political Opponent, ME!"
